path,size_bytes,sha256,category,python_module,reachable_from_app,reachable_from_run,reachable_from_gcfis_cli,direct_local_importers,changed_vs_previous_zip
EXCEPTION_ENGINE.md,3180,9642ffcbdb47478dbeb1468148780ddad1bd4ca93fa851d7839961cd5ed2a1bd,docs,,False,False,False,0,False
FEEDS_WIRED.md,1865,935878a56ad6512e81257634aa9653c947d0f14f14c0ff749ffc5558bb9192df,docs,,False,False,False,0,False
FIXED_THIS_ROUND.md,2363,2fdafc9afa3ffc9d19da351a7abe7adf25e22cb4aefdf2e539decf4d96b6f000,docs,,False,False,False,0,False
FLAWS_VERIFIED_AND_FIXED.md,3527,3e92827cc6fd776db1d5189fa6981b9d7b9fc125e8ce096b7db13e74f590138d,docs,,False,False,False,0,False
HOW_TO_VALIDATE.md,1998,23c6ab1ea9d4e87d635d32a158f2dd5e788c97ed7c7452f45b2b6b312188ec9c,docs,,False,False,False,0,False
ITE_ENGINE.md,2266,2158fed5bfdaa9e584297e59097eeabcb176a6bae4786698fd806bcbae6958fc,docs,,False,False,False,0,False
KNOWLEDGE_MIGRATION.md,2198,8766e221454047a94561a7199d184669f3a6179b61aa2fd24895742f29aeaf43,docs,,False,False,False,0,False
LINEAGE_FORMULA_AUDIT.md,4113,70b8d9a1dc23bc264de49495e3ea7c6c40d8f93659a19ecc72ec3e76f5e28409,docs,,False,False,False,0,False
MANIFEST.txt,6569,e1e0439c078020f945b69da234568d8da2b0d06e82dee1d4ea683e1c2e26eb40,docs,,False,False,False,0,False
METRIC_VALIDATION_REPORT.md,3363,d9cf25610d0bb909a49ed5deb315ca13e8717fcd1e58b336f125f2dbd0b2a69f,docs,,False,False,False,0,False
MULTITF_REGIME.md,2132,a4198a7c9abda5a04105b72faa8729e43548ebd4895ff1fb6a0386ccf65f3cc5,docs,,False,False,False,0,False
README.md,3741,42a7431f6818507e77a30f55730dac35dee6a9ed3bcde30c84ea88bb60750e56,docs,,False,False,False,0,False
RESEARCH_FINDINGS_DISCIPLINED.md,2945,55b1d7f7a02f3780be051590d17a9813e269fbaaf890710d6307d51519f15118,docs,,False,False,False,0,False
RUN_REAL_DATA.md,2047,3a094e9e3acdbe8265c65d23832e061e8726ddf2f5e52869818c3c0088fe86a7,docs,,False,False,False,0,False
TEST_REPORT.md,3698,f84459a24876663c61fcaff4604d2743affb73a7d9321416f4dee49bf289a226,docs,,False,False,False,0,False
VALIDATION.md,20061,d78e6d4bc1cff2641e68a3d1e4299c8eafe842280519e984b2fc1aa1cd2af4f8,docs,,False,False,False,0,False
_v.js,45376,e7c3213197c9d2432616f65eaa91fe4304876297eb3dcb67be2d0575f0390286,ui,,False,False,False,0,False
_v2.js,45376,e7c3213197c9d2432616f65eaa91fe4304876297eb3dcb67be2d0575f0390286,ui,,False,False,False,0,False
alpha_discovery_test.py,5864,a93613d998716e2c2467749466029ff519168f5d2459dd567ebc2fc8ea2e389a,validation,alpha_discovery_test,False,False,False,0,False
app.py,2829,4670057a67a580e022670c855a7fcce15c8bc4338ff640d0e5a3e18f293cef99,ui,app,True,False,False,0,False
bottleneck_reference.json,27835,5dec33a24af34db615546a5928dcf96ac0fc76707599506881a869394d580538,other,,False,False,False,0,False
build_cache.py,1891,a5647701aabfa7d97ee606aaf658cc41e1259b2fcfb59f197ca29410439a9628,data,build_cache,False,False,False,0,False
build_feeds.py,4457,419b247413c67b8a7ed499d3ab3147e107eebe26493035b3a7b9c9ea3846b854,data,build_feeds,False,False,False,0,False
component_validation.py,14253,1d61f633d78b4dd5b33f60bcdf64b61fc9a455116bbb51bdbac0f5f41542e56a,validation,component_validation,False,False,False,0,False
composition_audit.py,10004,cb81f526c2981e6ba9533b123a1b63d5b253204a79f28e5e009c63a9a2f3a1ad,validation,composition_audit,False,False,False,0,False
config/__init__.py,0,e3b0c44298fc1c149afbf4c8996fb92427ae41e4649b934ca495991b7852b855,other,config,False,False,False,0,False
config/autonomy_settings.py,4938,f950ad6727838a33ac35b87d48663191b9633a85e833674127e25878e65da980,other,config.autonomy_settings,False,False,False,0,False
config/narrative_universe.py,647158,c665c708144af9ead1bb4fbf198cde7cb064aa48a0416b042837503417396708,other,config.narrative_universe,False,False,False,0,False
config/settings.py,47350,ef5949a1a7cb893d949975fbbe6168c36ca083e6e56de7c1153b847a8cfb06c4,other,config.settings,True,True,False,3,False
dashboard_live.html,67439,7cda771bae44c7147ff8e6fece392690b7ad895568cedbd987e9f25da576ac06,ui,,False,False,False,0,False
data/__init__.py,0,e3b0c44298fc1c149afbf4c8996fb92427ae41e4649b934ca495991b7852b855,data,data,False,False,False,0,False
data/bottleneck_reference.json,27835,5dec33a24af34db615546a5928dcf96ac0fc76707599506881a869394d580538,data,,False,False,False,0,False
data/chain_reactions.json,21640,3b2a581f203fae498bc2ea959fcc8bb08e16873d4134e779a8223e4bf760dc1f,data,,False,False,False,0,False
data/extended_universe.json,29146,647d2fd689ed39bec539abe4b3e044bef2b733151d66bdce0fee15c240967d83,data,,False,False,False,0,False
data/fred_loader.py,13073,952f3cec3746e9f671a9cb97d7d8f4234e7ccd8dc33b23e110e56d899133d5d0,data,data.fred_loader,True,True,False,3,False
data/ihsg_conglomerates.json,12376,6cfd5fadc8958acc6cf8e2a643a3cd0e149ba5228e2357c821fc7375f68f322d,data,,False,False,False,0,False
data/loader.py,2866,57e4142c3572c31ff475f428c7df28c35404a3ac22cf6f663b3dcf0be85ccdb3,data,data.loader,True,True,False,1,False
data/snapshot.json,42,4c5bf3a64563a488612b378bcbd2f2b522f4dad07a372f15e1bd6aa35c27e35f,data,,False,False,False,0,False
data_layer.py,14795,0be298076f6750a3ec2cc9ed03890b2e3d21dd19a70134e6ff2733de0ceb811c,data,data_layer,True,True,False,2,False
engine_ic_test.py,7401,9a2642898e71fe1bc1b0b8b27cd72ac9f1d51102abb0c45f7a347c9a7f85b5ed,validation,engine_ic_test,False,False,False,0,False
engines/__init__.py,30,4412c70e545608f39769f4552c43c43cb01cfc48960b65f378f20413b19b6439,engine,engines,True,True,False,5,False
engines/aaii_scraper.py,4656,667b83e2c3753c7765a6fdac21cd3feeb2e0267c4e6a11fd01c4af888bbaaea4,engine,engines.aaii_scraper,False,False,False,0,False
engines/anti_fragility_engine.py,5573,3dc396118b42efc5fe4b3ef30b7cca553e60ed7b244691cfcacb1c4170db7330,engine,engines.anti_fragility_engine,False,False,False,1,False
engines/bandarmetrics_engine.py,21215,502363c4d34231e18931534cc41e810f8b2e0afa12cce38db5440967c61aa4ea,engine,engines.bandarmetrics_engine,True,True,False,4,False
engines/barchart_scraper.py,31096,943ed56dacf28556047baecadad5854b4a254849949cfbe0cb81ff1653a399be,engine,engines.barchart_scraper,False,False,False,0,False
engines/bottleneck_engine.py,6859,aa1281bad16c339ed73e26d452d3637b3ef5ac30d8354f6d8a2b2ce498131797,engine,engines.bottleneck_engine,False,False,False,0,False
engines/cftc_cot_scraper.py,30220,ab639080ec0a086194562979945b0bfb31df95ff8f98a4cffc626c870fdf8810,engine,engines.cftc_cot_scraper,True,True,False,3,False
engines/cme_scraper.py,44770,10f8b90276afe86167c870a4cccf6fbb1722c08aace5b14c7c0ed9b3e3b72898,engine,engines.cme_scraper,False,False,False,0,False
engines/defillama_scraper.py,27641,21d88f59a545e9fd01ffc7deac89b2a6b5125acaaabd32ef76ff01c8a3b8305e,engine,engines.defillama_scraper,False,False,False,0,False
engines/fx_carry_engine.py,5811,f2ceca5ce8f40a027ad61a1d2eefc2dfe630330037ad45bb6afe5778b84a3a64,engine,engines.fx_carry_engine,False,False,False,1,False
engines/gip_engine.py,19856,2f7be78f4019840788be6e4629e32a11b37b1d6eb03840b13e0ef50998d86830,engine,engines.gip_engine,True,True,False,2,False
engines/inventory_transfer_engine.py,4901,7df1c1b6282f252ffb51a97223e66f0a5deccbae9bfcad75d80f147513b522ce,engine,engines.inventory_transfer_engine,True,True,False,1,False
engines/laevitas_scraper.py,43495,aea0d98c1c21aa11f10005ab8cb18dc85e51826b73557688fa5b379e8d1453fb,engine,engines.laevitas_scraper,False,False,False,0,False
engines/live_data_engine.py,21263,157a52883184d81ae75b5bf2f89e3c27122602dc8a54b388f5a5a065205da28b,engine,engines.live_data_engine,True,True,False,2,False
engines/markov_regime_engine_v3.py,16787,dbafb5e9ee79d5db29aa23c74793f926c7762de42399874726e55e87bcc040a9,engine,engines.markov_regime_engine_v3,False,False,False,1,False
engines/onchain_engine.py,12699,3aab98e282805a2fe9056fdb3cb0e96277ff9e0595a5d5ac86be3d0cfe5cb99a,engine,engines.onchain_engine,False,False,False,0,False
engines/quad_explainer.py,6066,5a8af682845ef74244f44690a8e50af20669fe8570d50ad5a355f46e76ebfdeb,engine,engines.quad_explainer,False,False,False,0,False
engines/reflexivity_coefficient.py,4149,1868518e13a84d1ebbb0a802482272cb489e1b8105ae9b29c98efbb726e25bad,engine,engines.reflexivity_coefficient,False,False,False,1,False
engines/regime_transition_engine.py,6039,d1fe23d9eabc0261443ac3cb19767bf28b07694d55cb884b8f09a87abad36a9b,engine,engines.regime_transition_engine,False,False,False,0,False
engines/scenario_discovery_engine.py,2371,d95e9f0b95a937adf93eacb53b92ded9be9b3a3ef0836d38c71c65d5fd28a0b7,engine,engines.scenario_discovery_engine,False,False,False,0,False
engines/thought_process_engine.py,11554,b2ddf59725d16d1a17ee9b5ed927adafbb70f6a31438d69d4b2f95c0d99b604d,engine,engines.thought_process_engine,False,False,False,1,False
engines/treasury_liquidity.py,6112,410b70b1788cc714a288f4f4ef4e962404f5072d95c6aea410be4334636e6d8f,engine,engines.treasury_liquidity,True,True,False,1,False
engines/validation_engine.py,11217,adebe4f5562c8ec2e3f927f301cb994e2545d10578a6ec398289103c23319d38,validation,engines.validation_engine,False,False,False,1,False
engines/vix_bucket_engine.py,683,f9307a5bb480a20c3a7ac16d3bcb7efc1ad9d3eea70975c6ac5c1315c1cae64b,engine,engines.vix_bucket_engine,False,False,False,1,False
exception_engine.py,8921,67110ef9087ccb8dd926e98ee35d49f2370883444cda4f95f611a7026749b7e3,engine,exception_engine,False,False,False,0,False
filter_validation.py,8528,88ec994f21abe785d5c7cffa45dc098e77c8c4e5f2f9e9ef7655c6d0e7ff3243,validation,filter_validation,False,False,False,0,False
gcfis/ARCHITECTURE_REVIEW_v2.md,4062,a22ca5551a9224fd9a24839c40b220bb006ee2cf6327259b95cf24ee9942f3d1,engine,,False,False,False,0,False
gcfis/BM_REDESIGN.md,2148,0dbd8de26c7066dcb40d1613a4a94b2bf71fde514f15d44047d692398827e4f3,engine,,False,False,False,0,False
gcfis/CHANGELOG.md,10187,db2bd32482150498c39b5194d8e46549a5342739e0ca2fd531049020e8c9a689,engine,,False,False,False,0,False
gcfis/DOCS_1_9_STATUS.md,4165,815d82b37e25af5238f7a445e144fd1cf07f4a10abd0af550940625bcd316441,engine,,False,False,False,0,False
gcfis/FLAWS_AUDIT.md,2178,f255f17c6d683a56999421b90f3bb8cab94272ade23d824e554bdfc751f8f0f5,engine,,False,False,False,0,False
gcfis/MARKET_DRIVERS.md,4473,707da635b686a48aefe2b86c38260f1946d8d9612b51dfc2fd967e581e73e654,engine,,False,False,False,0,False
gcfis/QUAD_AND_FILTER.md,2597,a5d17d7998820caa5deb861f7391001d474d0342d6a7acf584c1ef5fc9749b27,engine,,False,False,False,0,False
gcfis/README.md,6273,dea143d1f194a8c4d92707aa5acf4224bb11d636d7937a17ff4abd9aa7114304,engine,,False,False,False,0,False
gcfis/VALIDATION_REAL.md,2996,c685fca07bba2471d9e38afe78952533064f062d6e9ff19b214d94caf77f9015,engine,,False,False,False,0,False
gcfis/__init__.py,0,e3b0c44298fc1c149afbf4c8996fb92427ae41e4649b934ca495991b7852b855,engine,gcfis,False,False,False,0,False
gcfis/adapter_v40.py,1366,b9da0840a8e75840ce79c8e8f0dfacb146e8545ee725076bde71e534b13b9531,engine,gcfis.adapter_v40,False,False,False,0,False
gcfis/backtest.py,5055,18ce0a5fd8c9043284bcf6866cc4e1a057660e54f457a798b32d0af67a4db38f,engine,gcfis.backtest,False,False,False,4,False
gcfis/core/__init__.py,0,e3b0c44298fc1c149afbf4c8996fb92427ae41e4649b934ca495991b7852b855,engine,gcfis.core,False,False,False,0,False
gcfis/core/change_core.py,3548,221ed39cb7c45bd12fcc33a2f99821cf0ea433497cc1ab8e99285de901c2af9d,engine,gcfis.core.change_core,True,True,True,17,False
gcfis/core/contracts.py,2724,6f243500dcba0576bdaf001224df9defb0e236b96436b4042ceea1f441154772,engine,gcfis.core.contracts,True,True,True,2,False
gcfis/dashboard.py,15257,ffc9c6f8f04a50cdc8e0906147c090ddba2be2cda76d786a4867d27195b8d85c,engine,gcfis.dashboard,False,False,False,1,False
gcfis/data/__init__.py,0,e3b0c44298fc1c149afbf4c8996fb92427ae41e4649b934ca495991b7852b855,engine,gcfis.data,False,False,False,0,False
gcfis/data/moonshot_universe.py,10156,9612e4f107b1326c2859e503b6317a309868571fe3b1730e58daab5f68ee91a7,engine,gcfis.data.moonshot_universe,True,True,False,1,False
gcfis/data/universe_sources.py,5285,f6e91f3d5a6dda9f122fc14e7e4bae298b67bc8575bc21a93070152284e9c8a5,engine,gcfis.data.universe_sources,False,False,False,0,False
gcfis/engines/__init__.py,0,e3b0c44298fc1c149afbf4c8996fb92427ae41e4649b934ca495991b7852b855,engine,gcfis.engines,False,False,False,0,False
gcfis/engines/accumulation.py,3394,94d9da28c3b8e262e6087e51f86db675b07a8715e6883b2c99eda375e3d22966,engine,gcfis.engines.accumulation,True,True,True,5,False
gcfis/engines/asymmetric_discovery.py,8564,2f361676db996c3b85f76f8a498048eef4898c58958333b2ca88eb7ba03b2a31,engine,gcfis.engines.asymmetric_discovery,True,True,False,1,False
gcfis/engines/bottleneck_engine.py,2431,69dc2188a1524f95b5d5ffc1f88011cfe8e3d26263baa11e89db6327cd61c850,engine,gcfis.engines.bottleneck_engine,True,True,True,3,False
gcfis/engines/broker_flow.py,2566,a5d37921e9103653be0a350078eeaab857712e2de5abcfa14d4e4ece54dd4d9d,engine,gcfis.engines.broker_flow,True,True,True,2,False
gcfis/engines/change_detection.py,1439,b087dc4562764257c94f5be9b6ada30c5e37f06677c87299596ec5c557794ba5,engine,gcfis.engines.change_detection,False,False,False,1,False
gcfis/engines/competitive_ranking_engine.py,11314,68ff7c3b88fdef7966486be91bc0dd706985469e318567f907a5d3d366d08128,engine,gcfis.engines.competitive_ranking_engine,False,False,False,0,False
gcfis/engines/crash_bottom.py,4444,1362b25906c91811740af059b49dea32abd0520fd2d45fb820e000654b08f3fb,engine,gcfis.engines.crash_bottom,True,True,True,3,False
gcfis/engines/cross_asset.py,3622,369f7862da44987d5f6237dee170c73160991f48ae49048f907b4ef8ae66f6db,engine,gcfis.engines.cross_asset,True,True,True,2,False
gcfis/engines/crypto.py,1529,324fda74823152f86b4c516ebe711edeb552bb2ede73c029acab45d73faae413,engine,gcfis.engines.crypto,True,True,True,2,False
gcfis/engines/dealer.py,3229,ee6acc24a1e79c7b8749b51f35a7ae46809bcaee48642f977a70884a6c85ed90,engine,gcfis.engines.dealer,True,True,True,2,False
gcfis/engines/elimination.py,2357,89b9547a2a36dbefb11c983e03fcb1ce4835252fe6775b9a064d9169122450c8,engine,gcfis.engines.elimination,True,True,True,2,False
gcfis/engines/entry.py,9061,c27f213f52662d96e3045e4dccb73ca641780a3c8908c09c5315d6b499e4210f,engine,gcfis.engines.entry,True,True,True,7,True
gcfis/engines/flow.py,1160,c0b599b1b17d49ee9a1febe1e9778049d50b917a70dfe5f650c9a1d1da5b1814,engine,gcfis.engines.flow,True,True,True,2,False
gcfis/engines/flow_regime.py,6435,6949fdaa26fa99962904fefc4c537572bacb342ef012dc7523a2495f5afdd35e,engine,gcfis.engines.flow_regime,True,True,True,2,False
gcfis/engines/flow_type.py,4702,b758c1953e723c509cd3d93fd306787131b27f854053be61df11256895af1d8d,engine,gcfis.engines.flow_type,True,True,True,3,False
gcfis/engines/forward_macro.py,2558,1ba75ed10a76060d2cb134e3ff51e5758a367fec1c94adee687e4d527a858f1f,engine,gcfis.engines.forward_macro,True,True,True,3,False
gcfis/engines/fragility.py,2007,2473c5552548164907b1c87e57ff6ba6921b74b94ff9e0feaa1e8c4e3d336208,engine,gcfis.engines.fragility,True,True,True,2,False
gcfis/engines/internals.py,4610,295bff9b24ff0703eef213cbc75059af7dbe0ec543c37e2564eb7d04b9447556,engine,gcfis.engines.internals,True,True,True,3,False
gcfis/engines/leadlag_discovery.py,17553,23396e1ec074492330772236cd2bed1a1a4e49bbba1396e748a826ea9272a03e,engine,gcfis.engines.leadlag_discovery,True,True,True,1,False
gcfis/engines/liquidity.py,1474,ae239f69841d10bb936a82e750ce538f390cdbbdf47df8214e32270db21fb65e,engine,gcfis.engines.liquidity,True,True,True,2,False
gcfis/engines/market_mode.py,3010,c1d2fadcd090fe0d0a53272c0af97955a0c4b948b71bca28f7ca22d88b210e6d,engine,gcfis.engines.market_mode,True,True,True,1,False
gcfis/engines/narrative.py,2863,8be096a30f00eb1d627d1e6a222c4def73392f099821f3748d7d8630a5fae28a,engine,gcfis.engines.narrative,True,True,True,2,False
gcfis/engines/portfolio.py,2014,5f0c6d5e1b38a5ea3db5ca43f71fd7ad90b4013ccb78e0b2ca630fa2e2f2d7ad,engine,gcfis.engines.portfolio,True,True,True,2,False
gcfis/engines/positioning.py,1413,deac48afb3d29efdee9a9a99c4a8ead8585b0f0a87504fab11b3ce730e2ebdb1,engine,gcfis.engines.positioning,True,True,True,2,False
gcfis/engines/reflexivity.py,2988,7c7bfe038e7d89e8cb094cd6dcb26f0b6698247ad20dbb49deb51dc57bc974e6,engine,gcfis.engines.reflexivity,True,True,True,4,False
gcfis/engines/regime_hmm.py,4438,489ac45f192e8313a1449501f080c109fcd5cecbe472559d6f3fefefbd66b426,engine,gcfis.engines.regime_hmm,False,False,False,2,False
gcfis/engines/response_zone.py,1800,f37690b0403cccf1e33678dcfce542f1b2ac46c3dfe8d34c9f30b8ce925a463b,engine,gcfis.engines.response_zone,True,True,True,1,False
gcfis/engines/risk_range_hedgeye.py,12209,c1591264c88c8976ddf5660b63c79a2744f310179dea2aba32d889253bdf169b,engine,gcfis.engines.risk_range_hedgeye,True,True,True,4,False
gcfis/engines/rotation.py,2188,ef3f3d1af3da50f63ccca65ab3e965c623bd7fca622f4a9d07a44dcb41599a7f,engine,gcfis.engines.rotation,True,True,True,2,False
gcfis/engines/shock.py,1276,7b9d801a496da4fb0a8c1648f30499a5617b57b91a6f2ff802fb15efbd18a887,engine,gcfis.engines.shock,True,True,True,3,False
gcfis/engines/surge.py,2315,972615517f1591e75ac8eaf1abef7b4da5b663a22daaec298898de5d0ea4e588,engine,gcfis.engines.surge,True,True,True,3,False
gcfis/engines/theme.py,1503,64178db9b93adf756d71ade37e10cd3077c56b2693151d5df5b38d3714beb201,engine,gcfis.engines.theme,True,True,True,2,False
gcfis/feeds/__init__.py,0,e3b0c44298fc1c149afbf4c8996fb92427ae41e4649b934ca495991b7852b855,engine,gcfis.feeds,False,False,False,0,False
gcfis/feeds/fred_feed.py,2121,b05fae65dfcdfac68b68d2bd4b0b934b615a92a9dd01affe7859d54fcd0fd940,engine,gcfis.feeds.fred_feed,False,False,False,1,False
gcfis/feeds/typef_idx.py,4650,6cef63bd7119de009a2e536022432fc3b2b891ee88a5cfd01c96ad5bb77e4d78,engine,gcfis.feeds.typef_idx,True,True,False,3,False
gcfis/market_drivers.py,7910,3b20d0bc16d4a14dc0ec230bd4e7b2fa4b7eedc73479be996754789d1adc434c,engine,gcfis.market_drivers,True,True,True,3,False
gcfis/markets.py,2638,886f6f047e53c86d733f5ae5e4865e83bbefa92510963c6fa4012056886becdd,engine,gcfis.markets,True,True,True,3,False
gcfis/meta/__init__.py,0,e3b0c44298fc1c149afbf4c8996fb92427ae41e4649b934ca495991b7852b855,engine,gcfis.meta,False,False,False,0,False
gcfis/meta/decision_stack.py,9283,d8b1e8a7fb5004e9a51e12da0fcbcfedbb8b316978173dc83f765a919daf5151,engine,gcfis.meta.decision_stack,True,True,True,1,False
gcfis/meta/final_desk.py,4277,71ddb082b3a8187d564c10142c3980c367098efcab30b0fa23a258fdccb6e2e0,engine,gcfis.meta.final_desk,True,True,True,2,False
gcfis/meta/regime_meta.py,11697,41d90dee83efc68a7d85ebe2c2e2b175ed86599b0f90f6a410306348b4286803,engine,gcfis.meta.regime_meta,True,True,True,1,False
gcfis/orchestrator.py,17330,84d38d49066434a05af18a3078dcf03750da7b5ade8c23f05cbef52ef67792c9,engine,gcfis.orchestrator,True,True,True,3,True
gcfis/run.py,3127,f98ed56a28b72da14cf46dd28268c4ee87cd6cd3bf38271d95cc6a8a1f7f9721,engine,gcfis.run,False,False,True,0,False
gcfis/sizing.py,2742,233b93a48a3988012f3347108edbc2151ddbb5b3fe599222806d358b618a375b,engine,gcfis.sizing,False,False,False,0,False
gcfis/tests/__init__.py,0,e3b0c44298fc1c149afbf4c8996fb92427ae41e4649b934ca495991b7852b855,engine,gcfis.tests,False,False,False,0,False
gcfis/tests/test_all.py,34805,8d74651579cc93220554d6ed6a5f7cf16712f69122c89d5b9227ef780004c3de,engine,gcfis.tests.test_all,False,False,False,0,False
gem_validation.py,8615,03103d3f89f35fef2097d7dd1c7170e8c5609064d75d2e20f6b91900423c4794,validation,gem_validation,False,False,False,0,False
lineage_audit.py,7014,404005a81bff0cf7b1d3a6c5ca2ab2a6ef617980bedb104f1b29b0c9d76d81a4,validation,lineage_audit,False,False,False,0,False
macro_inputs.py,2701,08e9bdedd916b7faf492928874e1762c4526264cbc47fb3d8d43638645620feb,data,macro_inputs,True,True,False,1,False
macro_ts_test.py,2838,0ef2bc667bf271ae5853f408287938c79ba6e08abc9b5eec1ae45f1af18d5278,validation,macro_ts_test,False,False,False,0,False
metric_grades.json,2864,0fdbd78a6cf5b41df1c6d638bc7bd94e334c065e81ef4e25e436263f6cf22b47,other,,False,False,False,0,False
price_setups.py,2421,05317f400af1d6e54b59eedddc9be79aa7cfeedb017269fabd79f48ab3f54eac,engine,price_setups,True,True,False,1,False
regime_multitf.py,3954,8081fc3153976d5fb51a86ca4f82752120d847c4a40987a2fcd4b419e531755f,engine,regime_multitf,True,True,False,1,False
regional_regime.py,3726,35608a5b28b1ddf62b7c492ea5df78542e7256eee9d07f31133ec9106ab919be,engine,regional_regime,True,True,False,2,False
requirements.txt,199,a3d13fbc938653b23fccbfa87795d89010c56b4bf44dbdc4e561704a4347bc26,docs,,False,False,False,0,False
research/RESEARCH_FINDINGS.md,20865,ae4fcb398e291e51918d7ecb7624143fcdc2251368dc56177fbd53cc8a762061,research,,False,False,False,0,False
research/bt_nobootstrap.parquet,23377,9dae1dbd05c21f99bfb792e25e8bec9f65aaf52cf580f1bca629e2306065dc73,research,,False,False,False,0,False
research/factor_ic.parquet,6145,2d74b2d299711a888d2bb8d040d2feeae55e087afa76e256fe781ded0d8ea369,research,,False,False,False,0,False
research/fetch_sample_data.py,615,79d616f1119121bc965deacb1408f9c7e42817cc950831216d665a549834cc25,research,research.fetch_sample_data,False,False,False,0,False
research/macro_attribution.parquet,181353,257c98959bd4d3c5233e8e922236efd0765fa3a7cb737042d56025e2b5774d67,research,,False,False,False,0,False
research/macro_panel.parquet,70104,3ee5d345976759c93e2f37ad77b7e110a891a05e5d36817204fa239768d5d802,research,,False,False,False,0,False
research/shiller.csv,123698,28d16941c581bda9bdcae4e0f9e3cc4b61204f8484e8c2249abdde2efe2cc3c4,research,,False,False,False,0,False
research/sp500_panel.parquet,13054119,db2a61d7f66d219354cfaad9dff01a5c9d5b01145ae11549cd11555588729420,research,,False,False,False,0,False
research/validated_tickers.parquet,7149,421c44dc2c4b651b4182ea798fb93f46ff9650af65986b7dc79c096635a99336,research,,False,False,False,0,False
research/vix.csv,479132,599b4954606a76bfad2ef3b8f961a65d0b0c3757a490e2bc3391baa601931308,research,,False,False,False,0,False
research_harness.py,8287,b03987e4c1802a70b42bc7041057fe3eda7d04db24f6f3f3f3ba1bd37484249e,research,research_harness,False,False,False,0,False
research_results.json,3946,6a6efaad8b7c34e6d5d04ba6239939342047fac78595e45b62cbfeb9f951d76d,research,,False,False,False,0,False
run.py,14756,7be72e604375ef6d33d11aabd4b7ea7025e2f583aa61953941bd53ef0aa20351,engine,run,True,True,False,2,True
scrapers_local/__init__.py,0,e3b0c44298fc1c149afbf4c8996fb92427ae41e4649b934ca495991b7852b855,data,scrapers_local,False,False,False,0,False
scrapers_local/local_data_scraper.py,5572,7150428e3f2ddeabc4f6b43e5209f1c478fd3d55f341322bd69376e55e4c7287,data,scrapers_local.local_data_scraper,False,False,False,0,False
systemic_ts_test.py,4402,54859f0de7784576e59ce2aea6ccba5b9f28c13ea27c902c67fa5240cfc0f62d,validation,systemic_ts_test,False,False,False,0,False
validate_all.py,1001,3a745defa16f5559c19037d06277aad3a0d917570fc83f1c24bed3e6131b0b46,validation,validate_all,False,False,False,0,False
validate_real.py,5621,43b021097778979d11564fe7917279565ddf44801fbf7f4c18453b4256b03571,validation,validate_real,False,False,False,0,False
validation_plus.py,14625,b28d97d9864a8a045ff01728a77653f45a352764272dc06a00f2fa6e1b14b150,validation,validation_plus,False,False,False,1,False
walkforward_validate.py,11316,6c25b9dbb0466eae63cc64a4240f4a374b6396c241b3f8b88313f79af60b157b,other,walkforward_validate,False,False,False,0,False
warroom/__init__.py,0,e3b0c44298fc1c149afbf4c8996fb92427ae41e4649b934ca495991b7852b855,engine,warroom,True,True,False,15,False
warroom/attention.py,7794,f35b15f64194104c91c70bbdfda53336c516f9b95829e56e05104d00257c477f,engine,warroom.attention,False,False,False,1,False
warroom/backtest.py,12932,2237f6ff240388242a74a00b71795154b1425624528979cf5f715309dc3190ea,engine,warroom.backtest,False,False,False,1,False
warroom/beta_play.py,9157,76db25b8962b362a5778ec49131c93ba6c5aeeb2f26cd393580a43d3da5aef1d,engine,warroom.beta_play,False,False,False,1,False
warroom/brief_export.py,12935,13009b43b3963608c0c0294333f3f21631ce8b60639f214465ef3963e6aaf408,engine,warroom.brief_export,False,False,False,1,False
warroom/calibrate_lpm.py,2778,927aa1f07b34d3a67946b2b26f958a4d8af2738bd4950ade03addecf6eb2c29d,engine,warroom.calibrate_lpm,False,False,False,0,False
warroom/causal_attribution.py,7380,6e5ec297750776a8fff0e1fc6268c6afff372eb15b1f69be1e3e5dd500b5a6c3,engine,warroom.causal_attribution,False,False,False,0,False
warroom/causal_chain.py,7153,845a5cd8901ad1f49bc99f9b9afa8d590be0b112cc830266e822f07f1b144d79,engine,warroom.causal_chain,False,False,False,1,False
warroom/compute.py,42743,19c75488e6352e24627324dfa2632d0c2a546eb1d551b07757856067ada9b89d,engine,warroom.compute,False,False,False,0,False
warroom/country_regime.py,4513,e3338f885336d97098e2d9ded8382ebf66a785dd3bdd33b3181638138802de39,engine,warroom.country_regime,False,False,False,1,False
warroom/crash_lead.py,4467,b97f0442b3b25244806b9b9333ed452a3cb8232c5a3a3992492697d034821046,engine,warroom.crash_lead,False,False,False,1,False
warroom/crowd.py,2406,2c29e1b6ea24859898f38fe76e5797e8a4e500583565077c1fac59b4132093d6,engine,warroom.crowd,False,False,False,1,False
warroom/cycle_rotation.py,16120,1415031256aacd4773d896baf59035aae79136d3723255ff5bb6ed8d9d7d7b2b,engine,warroom.cycle_rotation,False,False,False,1,False
warroom/data.py,6604,a98bd66c250c5aa3dcdfd84fef644bdafee9d2607dfc77cf73d6cf25a33ca1fd,engine,warroom.data,True,True,False,5,False
warroom/data_ingest.py,5451,949b11b99821a18b867853e9346eb7cdeaf6e37b7d9b3bc09e3791bed5f7b9c3,engine,warroom.data_ingest,False,False,False,0,False
warroom/decision_center.py,14040,b8ecfc4e9483417231ebe66c470ec3f107367608c65e3ab44b0effd9cffe2338,engine,warroom.decision_center,False,False,False,1,False
warroom/decision_engine.py,6075,097fa82a985e2c0f4ca9cb707910000477da5e3c883a5e8c27f2d74d64512ed1,engine,warroom.decision_engine,False,False,False,2,False
warroom/decision_journal.py,5008,12a48ff974f31be7448620f9cf366742365e7eb59cea8d90ef41e13088911663,engine,warroom.decision_journal,False,False,False,1,False
warroom/drivers.py,9645,efeca6f4d701fc6d1742f4a2bfc21e663ab9209a85e1fb43b1d0d2cb83f7ec16,engine,warroom.drivers,False,False,False,1,False
warroom/early_warning.py,4255,a26ace3e2c4f75b18abedc52a4a2cb01d541eb1a39c5553724a40b23592e85a9,engine,warroom.early_warning,False,False,False,3,False
warroom/fair_value.py,1954,4d12c307210d5dc021525e2fdb82db1fe7b3ad583e8ea1dfdd51d404cdb006ca,engine,warroom.fair_value,False,False,False,1,False
warroom/feeds.py,670,9984edf9d28cc07e542bff97d02f8f77a576174cd27590f1058dfec88d4df84f,engine,warroom.feeds,False,False,False,0,False
warroom/feeds_free.py,4780,b1a9d748f7d433ac2df475a5e70c6af8be4baefee94e57d6ed1bf06970e889d1,engine,warroom.feeds_free,False,False,False,1,False
warroom/fred.py,2360,bbd09f726a93a0fe4c2ffb9951f0ce1c1b28f1591e462b2aedd7addc1c1ec9bd,engine,warroom.fred,True,True,False,1,False
warroom/funding_stress.py,4160,02cd8f5a92b12a2fd5ec98663611d18847b66f1d8ebbc0d7e2309d704c6e2fdc,engine,warroom.funding_stress,False,False,False,2,False
warroom/internals.py,7105,b180096b2be916fad89612de1e795e70b2cb05517462eab478afdffe999b94f0,engine,warroom.internals,False,False,False,1,False
warroom/intervention.py,6079,544c468e829a5d21bb0af2647cd7fa24de5bab2094e2cb3d516aa893a5d7f0de,engine,warroom.intervention,False,False,False,1,False
warroom/investment_memo.py,6126,5a93419d9e8501b1048f6aba0021b188abefcbc12b46168b8b700ec4cd8e0c52,engine,warroom.investment_memo,False,False,False,1,False
warroom/knowledge_graph.py,13102,be7b9f18132b91d0817d5de0f7bdba97afa74bf0f5753649c8f47be83d5e8b4e,engine,warroom.knowledge_graph,False,False,False,3,False
warroom/liquidity.py,1260,366f9fa76e8210f51d63fc1449d62d66e10b63172c214c17fd17df292932d186,engine,warroom.liquidity,False,False,False,1,False
warroom/lpm.py,2396,555fe9e716f7a4e034327f8b1abf61b70d33055c407eee63a221f607d55b5d32,engine,warroom.lpm,False,False,False,2,False
warroom/macro_data.py,4902,60500d4c76bcc6d15bf70c4182c666a99f4ef6dd496f947234c848ea8b692f7b,engine,warroom.macro_data,True,True,False,2,False
warroom/macro_regime.py,6769,ee9de1875fcbac72c4151ba0adcdc57b3324f47538dc5262a7003a0e13c3b4da,engine,warroom.macro_regime,False,False,False,1,False
warroom/market_cap_target.py,14935,6b08abbe61764ed2179e5c41a0009c357d8f032c3ecac62af311926c3da7a8fa,engine,warroom.market_cap_target,False,False,False,5,False
warroom/mechanical.py,5591,b6ff3f5925e2e84e125c9054a59ccdc70b4a7b8e751bd7d93833c853e4231fd5,engine,warroom.mechanical,False,False,False,1,False
warroom/meters.py,11090,83ecad42fc99b07a476fef852f16fc9010fbbc2683a3f534b859572ade8cf35b,engine,warroom.meters,False,False,False,1,False
warroom/optimal_entry.py,7243,31c1c101025842bfd827873fd757a8ce420b521b6c8540193d1dbee18474ad55,engine,warroom.optimal_entry,False,False,False,3,False
warroom/policy.py,8548,a046d6dcddf86a0442e09a2c2ef9db64ec42df4514f96053fec8bf58d5fa6ee7,engine,warroom.policy,True,True,False,2,False
warroom/price_action.py,4470,73647267269c266a947100102a97f63c64ee251e77d3ccd6121a4c3a0a90edf4,engine,warroom.price_action,False,False,False,1,False
warroom/render.py,152680,cd9062b3fcd941bf8d201a4965b5d2a74c7f10d60ac3cfa1fb524e50fc80b134,ui,warroom.render,False,False,False,1,False
warroom/risk.py,4086,0f987b1fe2d471c07e7060f557f907874892decf28a24de55431f09e5040db97,engine,warroom.risk,False,False,False,1,False
warroom/rotation.py,4574,b7332c6a4c536dbbb0a8a716ed5c1d4bbe9ff5ae38afb2d7038f214baea063de,engine,warroom.rotation,False,False,False,1,False
warroom/secular_map.py,5672,142e680d9cf17f9a8142a57c367a03afb5eabd28b00fe77d5d39ebf2b8f69152,engine,warroom.secular_map,False,False,False,1,False
warroom/signal_edge.py,8446,faf98e8556ebe0f7eaa73521e4a166375979f22174f93707544a3d42bd5f50d2,engine,warroom.signal_edge,False,False,False,3,False
warroom/statelog.py,4448,0d7a6e879c0ebc88078875cc92472eb58bbfd7aa0e45f52e740c4693d4840983,engine,warroom.statelog,False,False,False,0,False
warroom/structure.py,4027,32c6d60235421784768f5fe4640c3fdff7f2dc463bf51f8f6e2e09685b8a33ce,engine,warroom.structure,False,False,False,1,False
warroom/synthesis.py,8258,a329e0fb4737703e867c5f8be74ac6c4ea089ec8f942e7b53910d32e42130118,engine,warroom.synthesis,False,False,False,1,False
warroom/themes.py,5832,3e2ced8120420a36a04d21fcda7473cb130eae26e95c9e3a0eb39a03fc42b813,engine,warroom.themes,False,False,False,1,False
warroom/thesis_beta.py,2999,fb999e72f549581e68722246692e3392417f48f3cbd082ee9bb59d3db6404003,engine,warroom.thesis_beta,False,False,False,1,False
warroom/thesis_playbook.py,7725,7339a9ef1f16241a8fb3d8319443f710822a1e46fd85f192408c6da16314be3c,engine,warroom.thesis_playbook,False,False,False,1,False
warroom/timing.py,5329,227f22aa13b2fc868d939f5b2d44033ec2aedd505393e99d121bd5e85e9d8123,engine,warroom.timing,False,False,False,2,False
warroom/tracker.py,6926,de664f0e101c865bdddfb24376ecaf182d3cf66a7dc9e7554f33f39fe6c5fc6d,engine,warroom.tracker,False,False,False,1,False
warroom/walkforward.py,4530,0021565c25725c71b85222d6ece5c527bb6cbb6925e0eb0d27e97a011f0c020f,engine,warroom.walkforward,False,False,False,0,False
